{
  "project_info": {
    "project_number": "622338956968",
    "project_id": "tugas-android-elva",
    "storage_bucket": "tugas-android-elva.firebasestorage.app"
  },
  "client": [
    {
      "client_info": {
        "mobilesdk_app_id": "1:622338956968:android:0b21b30f5f50981b286c9d",
        "android_client_info": {
          "package_name": "com.example.elva_app"
        }
      },
      "oauth_client": [],
      "api_key": [
        {
          "current_key": "AIzaSyDNtB7ToJGTVEbx4cYIt_09OCJzzzvwERk"
        }
      ],
      "services": {
        "appinvite_service": {
          "other_platform_oauth_client": []
        }
      }
    }
  ],
  "configuration_version": "1"
}